<?xml version = '1.0' encoding = 'UTF-8'?>
<Table class="oracle.dbtools.crest.model.design.relational.Table" directorySegmentName="seg_0" id="63278904-F919-74A8-493B-F8320C289BE1" name="SERVICIOS">
<createdBy>marta</createdBy>
<createdTime>2019-12-04 18:13:11 UTC</createdTime>
<generatorID>BDAD5408-02CA-A3E1-753E-6C3CB3391847</generatorID>
<ownerDesignName>base de datos</ownerDesignName>
<allowColumnReorder>false</allowColumnReorder>
<existDependencyGenerateInDDl>true</existDependencyGenerateInDDl>
<parsed>true</parsed>
<columns itemClass="oracle.dbtools.crest.model.design.relational.Column">
<Column name="CODIGO" id="13BF46CA-2BD5-6B92-709D-B7AB0D69B6D7">
<createdBy>marta</createdBy>
<createdTime>2019-12-04 18:13:11 UTC</createdTime>
<generatorID>D7BC5DF3-125E-644A-F887-2238913DA160</generatorID>
<ownerDesignName>base de datos</ownerDesignName>
<useDomainConstraints>false</useDomainConstraints>
<use>1</use>
<logicalDatatype>LOGDT019</logicalDatatype>
<dataTypePrecision>255</dataTypePrecision>
<ownDataTypeParameters>,255,</ownDataTypeParameters>
<autoIncrementCycle>false</autoIncrementCycle>
</Column>
<Column name="NOMBRE" id="A9796326-2F31-12B7-1A80-58E1C8DE63C1">
<createdBy>marta</createdBy>
<createdTime>2019-12-04 18:13:11 UTC</createdTime>
<generatorID>2073DD9B-6903-28FC-2D4D-30BE585B86CE</generatorID>
<ownerDesignName>base de datos</ownerDesignName>
<useDomainConstraints>false</useDomainConstraints>
<use>1</use>
<logicalDatatype>LOGDT024</logicalDatatype>
<dataTypeSize>255</dataTypeSize>
<ownDataTypeParameters>255,,</ownDataTypeParameters>
<autoIncrementCycle>false</autoIncrementCycle>
</Column>
<Column name="TIPO" id="B5F0BF81-D7C3-4F9A-ADB5-BEC0F4259BEC">
<createdBy>marta</createdBy>
<createdTime>2019-12-04 18:13:11 UTC</createdTime>
<generatorID>AA1FAECB-AD2D-CD6E-B619-13AA04DCAC44</generatorID>
<ownerDesignName>base de datos</ownerDesignName>
<nullsAllowed>true</nullsAllowed>
<useDomainConstraints>false</useDomainConstraints>
<use>1</use>
<logicalDatatype>LOGDT019</logicalDatatype>
<dataTypePrecision>1</dataTypePrecision>
<ownDataTypeParameters>,1,</ownDataTypeParameters>
<autoIncrementCycle>false</autoIncrementCycle>
</Column>
<Column name="DESCRIPCION" id="2CE36148-8152-1B37-2026-24731AA64737">
<createdBy>marta</createdBy>
<createdTime>2019-12-04 18:13:11 UTC</createdTime>
<generatorID>DBC9A0B0-609B-4D95-9148-5713E4ED8049</generatorID>
<ownerDesignName>base de datos</ownerDesignName>
<useDomainConstraints>false</useDomainConstraints>
<use>1</use>
<logicalDatatype>LOGDT024</logicalDatatype>
<dataTypeSize>1000</dataTypeSize>
<ownDataTypeParameters>1000,,</ownDataTypeParameters>
<autoIncrementCycle>false</autoIncrementCycle>
</Column>
<Column name="HORARIO_RANGO" id="0513A080-DBD4-FB92-89AA-DF48140A52E2">
<createdBy>marta</createdBy>
<createdTime>2019-12-04 18:13:11 UTC</createdTime>
<generatorID>0DFE2875-9E10-51F1-81E8-94F0080AE6F9</generatorID>
<ownerDesignName>base de datos</ownerDesignName>
<useDomainConstraints>false</useDomainConstraints>
<use>1</use>
<logicalDatatype>LOGDT024</logicalDatatype>
<dataTypeSize>255</dataTypeSize>
<ownDataTypeParameters>255,,</ownDataTypeParameters>
<autoIncrementCycle>false</autoIncrementCycle>
</Column>
<Column name="FECHA_RANGO" id="DA73E40E-68C2-108D-BC4C-ECF0CEDEA02E">
<createdBy>marta</createdBy>
<createdTime>2019-12-04 18:13:11 UTC</createdTime>
<generatorID>D12F2E59-0461-420B-E295-4C07A46E3C9F</generatorID>
<ownerDesignName>base de datos</ownerDesignName>
<useDomainConstraints>false</useDomainConstraints>
<use>1</use>
<logicalDatatype>LOGDT024</logicalDatatype>
<dataTypeSize>255</dataTypeSize>
<ownDataTypeParameters>255,,</ownDataTypeParameters>
<autoIncrementCycle>false</autoIncrementCycle>
</Column>
<Column name="UBICACION" id="2E2AF2B3-7DFA-06F1-9BCD-9A2646E5F7E0">
<createdBy>marta</createdBy>
<createdTime>2019-12-04 18:13:11 UTC</createdTime>
<generatorID>37748BB1-A81B-4DE2-FC6D-A0C008DA554E</generatorID>
<ownerDesignName>base de datos</ownerDesignName>
<useDomainConstraints>false</useDomainConstraints>
<use>1</use>
<logicalDatatype>LOGDT024</logicalDatatype>
<dataTypeSize>255</dataTypeSize>
<ownDataTypeParameters>255,,</ownDataTypeParameters>
<autoIncrementCycle>false</autoIncrementCycle>
</Column>
<Column name="ONG_CODIGO" id="CEC6CDF1-5E6A-B769-E45C-040996359FE6">
<createdBy>marta</createdBy>
<createdTime>2019-12-04 18:13:11 UTC</createdTime>
<generatorID>38943860-DDEE-326C-30A6-3A1485CF140D</generatorID>
<ownerDesignName>base de datos</ownerDesignName>
<useDomainConstraints>false</useDomainConstraints>
<use>1</use>
<logicalDatatype>LOGDT019</logicalDatatype>
<ownDataTypeParameters>,,</ownDataTypeParameters>
<previousColumn>false</previousColumn>
<autoIncrementCycle>false</autoIncrementCycle>
<associations>
<colAssociation fkAssociation="A00A6600-2431-5A28-A07B-9D3B753047DF" referredColumn="B95C1D86-0B47-5119-9A23-8AEC2B6AD87F"/>
</associations>
</Column>
</columns>
<indexes itemClass="oracle.dbtools.crest.model.design.relational.Index">
<ind_PK_UK id="F46F7244-F50D-9408-A1C6-946D252D21E7" name="SERVICIOS_PK">
<createdBy>marta</createdBy>
<createdTime>2019-12-04 18:13:11 UTC</createdTime>
<generatorID>0529BA53-10A4-8C74-6C30-79122DCC9A0D</generatorID>
<ownerDesignName>base de datos</ownerDesignName>
<pk>true</pk>
<indexState>Primary Constraint</indexState>
<isSurrogateKey>false</isSurrogateKey>
<indexColumnUsage>
<colUsage columnID="13BF46CA-2BD5-6B92-709D-B7AB0D69B6D7"/>
<colUsage columnID="CEC6CDF1-5E6A-B769-E45C-040996359FE6"/>
</indexColumnUsage>
</ind_PK_UK>
<ind_PK_UK id="1DFDCAF4-FE0C-D24C-A301-3EC0C385D06B" name="SERVICIOS_ONG_FK">
<createdBy>marta</createdBy>
<createdTime>2019-12-04 18:13:11 UTC</createdTime>
<generatorID>1F3B54E1-D1C7-579C-23C7-934E74590CF2</generatorID>
<ownerDesignName>base de datos</ownerDesignName>
<indexState>Foreign Key</indexState>
<isSurrogateKey>false</isSurrogateKey>
<indexColumnUsage>
<colUsage columnID="CEC6CDF1-5E6A-B769-E45C-040996359FE6"/>
</indexColumnUsage>
</ind_PK_UK>
</indexes>
</Table>