<?xml version = '1.0' encoding = 'UTF-8'?>
<Entity class="oracle.dbtools.crest.model.design.logical.Entity" directorySegmentName="seg_0" id="B1AC227A-977F-156E-7DA2-2357999FD166" name="EMPLEADOS">
<createdBy>marta</createdBy>
<createdTime>2019-11-08 12:46:02 UTC</createdTime>
<ownerDesignName>base de datos</ownerDesignName>
<engineerTo>
<item key="B04E3110-CE1B-B53C-7FA9-54503AEE2F2D" value="true"/>
</engineerTo>
<adequatelyNormalized>NO</adequatelyNormalized>
<expectedVolumes>0</expectedVolumes>
<fwdEngineeringStrategyName>Single Table</fwdEngineeringStrategyName>
<growthPercent>0</growthPercent>
<growthType>Year</growthType>
<maxVolumes>9999999</maxVolumes>
<minVolumes>0</minVolumes>
<normalForm>Third</normalForm>
<attributes itemClass="oracle.dbtools.crest.model.design.logical.Attribute">
<Attribute name="DNI" id="64A12E75-89C9-DBEC-E2C3-5BDE39D0BA8D">
<createdBy>marta</createdBy>
<createdTime>2019-11-08 12:46:49 UTC</createdTime>
<ownerDesignName>base de datos</ownerDesignName>
<engineerTo>
<item key="B04E3110-CE1B-B53C-7FA9-54503AEE2F2D" value="true"/>
</engineerTo>
<useDomainConstraints>false</useDomainConstraints>
<use>1</use>
<logicalDatatype>LOGDT024</logicalDatatype>
<dataTypeSize>10</dataTypeSize>
<ownDataTypeParameters>10,,</ownDataTypeParameters>
</Attribute>
<Attribute name="APELLIDOS" id="951D88D9-2886-C890-364F-9D2821856DD1">
<createdBy>marta</createdBy>
<createdTime>2019-11-08 12:47:04 UTC</createdTime>
<ownerDesignName>base de datos</ownerDesignName>
<engineerTo>
<item key="B04E3110-CE1B-B53C-7FA9-54503AEE2F2D" value="true"/>
</engineerTo>
<useDomainConstraints>false</useDomainConstraints>
<use>1</use>
<logicalDatatype>LOGDT024</logicalDatatype>
<dataTypeSize>255</dataTypeSize>
<ownDataTypeParameters>255,,</ownDataTypeParameters>
</Attribute>
<Attribute name="NOMBRE" id="E46650B9-9DFC-7447-EC11-AF9E03F991D8">
<createdBy>marta</createdBy>
<createdTime>2019-11-08 12:47:24 UTC</createdTime>
<ownerDesignName>base de datos</ownerDesignName>
<engineerTo>
<item key="B04E3110-CE1B-B53C-7FA9-54503AEE2F2D" value="true"/>
</engineerTo>
<useDomainConstraints>false</useDomainConstraints>
<use>1</use>
<logicalDatatype>LOGDT024</logicalDatatype>
<dataTypeSize>255</dataTypeSize>
<ownDataTypeParameters>255,,</ownDataTypeParameters>
</Attribute>
<Attribute name="CODIGO" id="A8FA4593-EA3A-6A7D-59EB-E7181FAF0687">
<createdBy>marta</createdBy>
<createdTime>2019-11-08 12:52:20 UTC</createdTime>
<generatorID>E89E62C6-9986-AD6F-7AD0-776E1D0FDB1C</generatorID>
<ownerDesignName>base de datos</ownerDesignName>
<engineerTo>
<item key="B04E3110-CE1B-B53C-7FA9-54503AEE2F2D" value="true"/>
</engineerTo>
<referedAttribute>02644DFB-588A-8B54-5330-B2136DD6B572</referedAttribute>
<useDomainConstraints>false</useDomainConstraints>
<use>1</use>
<logicalDatatype>LOGDT019</logicalDatatype>
<ownDataTypeParameters>,,</ownDataTypeParameters>
</Attribute>
<Attribute name="CARGO" id="4F84B784-CB6B-0BFA-F993-BC4C19B8FF2D">
<createdBy>marta</createdBy>
<createdTime>2019-11-08 12:59:10 UTC</createdTime>
<ownerDesignName>base de datos</ownerDesignName>
<engineerTo>
<item key="B04E3110-CE1B-B53C-7FA9-54503AEE2F2D" value="true"/>
</engineerTo>
<useDomainConstraints>false</useDomainConstraints>
<use>1</use>
<logicalDatatype>LOGDT024</logicalDatatype>
<dataTypeSize>255</dataTypeSize>
<ownDataTypeParameters>255,,</ownDataTypeParameters>
</Attribute>
</attributes>
<identifiers itemClass="oracle.dbtools.crest.model.design.logical.CandidateKey">
<identifier id="FB5B6DB9-2AAB-A21B-8655-CF70640F6C96" name="EMPLEADOS PK">
<createdBy>marta</createdBy>
<createdTime>2019-11-08 12:47:03 UTC</createdTime>
<ownerDesignName>base de datos</ownerDesignName>
<engineerTo>
<item key="B04E3110-CE1B-B53C-7FA9-54503AEE2F2D" value="true"/>
</engineerTo>
<pk>true</pk>
<usedAttributes>
<attributeRef>64A12E75-89C9-DBEC-E2C3-5BDE39D0BA8D</attributeRef>
<attributeRef>A8FA4593-EA3A-6A7D-59EB-E7181FAF0687</attributeRef>
</usedAttributes>
</identifier>
</identifiers>
</Entity>