<?xml version = '1.0' encoding = 'UTF-8'?>
<Relation class="oracle.dbtools.crest.model.design.logical.Relation" name="Relation_9" directorySegmentName="seg_0" id="06368C7B-1FFD-976E-DC7E-9C8F75504275">
<createdBy>marta</createdBy>
<createdTime>2019-11-08 13:09:34 UTC</createdTime>
<ownerDesignName>base de datos</ownerDesignName>
<engineerTo>
<item key="B04E3110-CE1B-B53C-7FA9-54503AEE2F2D" value="true"/>
</engineerTo>
<sourcePk>17E005D1-8B5F-999C-719B-040B3B4F4A48</sourcePk>
<identifying>true</identifying>
<nameOnSource>RECIBE/MANDA</nameOnSource>
<optionalSource>true</optionalSource>
<optionalTarget>false</optionalTarget>
<sourceCardinality>1</sourceCardinality>
<sourceEntity>F4C92608-6B1A-51C9-40D2-6DB0188447A4</sourceEntity>
<targetCardinalityString>*</targetCardinalityString>
<targetEntity>96072D54-CC33-C38A-1062-7A43995F717A</targetEntity>
<transferable>true</transferable>
<deleteRule>NO ACTION</deleteRule>
</Relation>