<?xml version = '1.0' encoding = 'UTF-8'?>
<Relation class="oracle.dbtools.crest.model.design.logical.Relation" name="Relation_6" directorySegmentName="seg_0" id="1F3B54E1-D1C7-579C-23C7-934E74590CF2">
<createdBy>marta</createdBy>
<createdTime>2019-11-08 13:00:49 UTC</createdTime>
<ownerDesignName>base de datos</ownerDesignName>
<engineerTo>
<item key="B04E3110-CE1B-B53C-7FA9-54503AEE2F2D" value="true"/>
</engineerTo>
<sourcePk>0529BA53-10A4-8C74-6C30-79122DCC9A0D</sourcePk>
<targetPk>ECAB86D2-EF4A-2BE7-04AB-E0327E529EB3</targetPk>
<identifying>true</identifying>
<nameOnSource>PERTENECE A</nameOnSource>
<optionalSource>false</optionalSource>
<optionalTarget>true</optionalTarget>
<sourceCardinality>*</sourceCardinality>
<sourceEntity>BDAD5408-02CA-A3E1-753E-6C3CB3391847</sourceEntity>
<targetCardinalityString>1</targetCardinalityString>
<targetEntity>BB2FBDD9-B6A4-BE3A-ACF0-E17351C80194</targetEntity>
<transferable>true</transferable>
<deleteRule>NO ACTION</deleteRule>
</Relation>