<?xml version = '1.0' encoding = 'UTF-8'?>
<Relation class="oracle.dbtools.crest.model.design.logical.Relation" name="Relation_7" directorySegmentName="seg_0" id="25C4F6DF-186F-6510-3FD4-9BC6BCAD389B">
<createdBy>marta</createdBy>
<createdTime>2019-11-08 13:05:08 UTC</createdTime>
<ownerDesignName>base de datos</ownerDesignName>
<engineerTo>
<item key="B04E3110-CE1B-B53C-7FA9-54503AEE2F2D" value="true"/>
</engineerTo>
<sourcePk>0529BA53-10A4-8C74-6C30-79122DCC9A0D</sourcePk>
<identifying>false</identifying>
<nameOnSource>ADMINISTRAN</nameOnSource>
<optionalSource>false</optionalSource>
<optionalTarget>true</optionalTarget>
<sourceCardinality>*</sourceCardinality>
<sourceEntity>BDAD5408-02CA-A3E1-753E-6C3CB3391847</sourceEntity>
<targetCardinalityString>*</targetCardinalityString>
<targetEntity>B1AC227A-977F-156E-7DA2-2357999FD166</targetEntity>
<transferable>true</transferable>
<deleteRule>NO ACTION</deleteRule>
</Relation>