<?xml version = '1.0' encoding = 'UTF-8'?>
<Relation class="oracle.dbtools.crest.model.design.logical.Relation" name="Relation_15" directorySegmentName="seg_0" id="4EC17C92-7D05-633F-9FF6-6267360D702C">
<createdBy>LordCoder</createdBy>
<createdTime>2019-11-19 12:36:58 UTC</createdTime>
<ownerDesignName>base de datos</ownerDesignName>
<engineerTo>
<item key="B04E3110-CE1B-B53C-7FA9-54503AEE2F2D" value="true"/>
</engineerTo>
<identifying>false</identifying>
<nameOnSource>REALIZA</nameOnSource>
<optionalSource>true</optionalSource>
<optionalTarget>true</optionalTarget>
<sourceCardinality>*</sourceCardinality>
<sourceEntity>F4C92608-6B1A-51C9-40D2-6DB0188447A4</sourceEntity>
<targetCardinalityString>*</targetCardinalityString>
<targetEntity>BDAD5408-02CA-A3E1-753E-6C3CB3391847</targetEntity>
<transferable>true</transferable>
<deleteRule>NO ACTION</deleteRule>
</Relation>