<?xml version = '1.0' encoding = 'UTF-8'?>
<Relation class="oracle.dbtools.crest.model.design.logical.Relation" name="RECIBE/MANDA" directorySegmentName="seg_0" id="C1F622AD-63E7-0953-647A-4B4500026AA5">
<createdBy>marta</createdBy>
<createdTime>2019-11-08 13:15:54 UTC</createdTime>
<ownerDesignName>base de datos</ownerDesignName>
<engineerTo>
<item key="B04E3110-CE1B-B53C-7FA9-54503AEE2F2D" value="true"/>
</engineerTo>
<sourcePk>ECAB86D2-EF4A-2BE7-04AB-E0327E529EB3</sourcePk>
<identifying>true</identifying>
<nameOnSource>RECIBE/MANDA</nameOnSource>
<optionalSource>true</optionalSource>
<optionalTarget>false</optionalTarget>
<sourceCardinality>1</sourceCardinality>
<sourceEntity>BB2FBDD9-B6A4-BE3A-ACF0-E17351C80194</sourceEntity>
<targetCardinalityString>*</targetCardinalityString>
<targetEntity>96072D54-CC33-C38A-1062-7A43995F717A</targetEntity>
<transferable>true</transferable>
<deleteRule>NO ACTION</deleteRule>
</Relation>