<?xml version = '1.0' encoding = 'UTF-8'?>
<relationalModel class="oracle.dbtools.crest.model.design.relational.RelationalDesign" name="Relational_1" id="B04E3110-CE1B-B53C-7FA9-54503AEE2F2D" mainViewID="E4BFF07C-9F74-D2BB-9529-C925F59C7ACF">
<createdBy>marta</createdBy>
<createdTime>2019-11-08 11:33:37 UTC</createdTime>
<ownerDesignName>base de datos</ownerDesignName>
<shouldBeOpen>false</shouldBeOpen>
<selectedRDBMSSite>32076570-2523-435C-2E92-BF29817DFF70</selectedRDBMSSite>
</relationalModel>